{
    "READ": {
        "mean_ms": 0.2786885245901639,
        "median_ms": 0.0,
        "p95_ms": 1.0,
        "p99_ms": 1.3999999999999986,
        "min_ms": 0.0,
        "max_ms": 2.0
    },
    "WRITE": {
        "mean_ms": 0.1756028056143776,
        "median_ms": 0.0,
        "p95_ms": 1.0,
        "p99_ms": 1.0,
        "min_ms": 0.0,
        "max_ms": 6.0
    }
}