{
    "READ": 6.826851222826087,
    "WRITE": 686.3406929347826
}