{
    "READ": {
        "mean_ms": 0.22297297297297297,
        "median_ms": 0.0,
        "p95_ms": 1.0,
        "p99_ms": 2.0,
        "min_ms": 0.0,
        "max_ms": 2.0
    },
    "WRITE": {
        "mean_ms": 0.23484079252258586,
        "median_ms": 0.0,
        "p95_ms": 1.0,
        "p99_ms": 1.0,
        "min_ms": 0.0,
        "max_ms": 65.0
    }
}