{
    "READ": 106.9736328125,
    "WRITE": 481.0064453125
}