{
    "READ": {
        "mean_ms": 0.6330798479087453,
        "median_ms": 0.0,
        "p95_ms": 3.0,
        "p99_ms": 7.490000000000009,
        "min_ms": 0.0,
        "max_ms": 18.0
    },
    "WRITE": {
        "mean_ms": 0.6470352564102564,
        "median_ms": 0.0,
        "p95_ms": 3.0,
        "p99_ms": 7.0,
        "min_ms": 0.0,
        "max_ms": 20.0
    }
}