{
    "READ": 11133.178059895834,
    "WRITE": 161.64290364583334
}